rule,fixability,before,after,resolved,resolved_pct,files_with_rule
S004,SAFE,1208982,1756,1207226,99.85,19705
W001,NONE,111480,111480,0,0.00,3996
S006,NONE,103243,103243,0,0.00,8369
W003,NONE,40080,40080,0,0.00,622
W006,NONE,26114,26114,0,0.00,3422
W002,NONE,21939,21939,0,0.00,2310
S002,SAFE,7472,0,7472,100.00,2557
S005,NONE,5456,1500,3956,72.51,5456
S001,SAFE,5174,167,5007,96.77,1701
W004,NONE,4960,4960,0,0.00,2525
ST006,UNSAFE,3835,3835,0,0.00,885
S003,SAFE,1808,0,1808,100.00,1808
ST004,UNSAFE,782,782,0,0.00,782
W005,NONE,688,688,0,0.00,294
ST002,UNSAFE,246,246,0,0.00,137
T006,SAFE,170,0,170,100.00,59
ST013,SAFE,85,0,85,100.00,85
T001,SAFE,53,0,53,100.00,17
ST001,UNSAFE,19,19,0,0.00,19
ST003,UNSAFE,19,19,0,0.00,19
