metric,value
results,artifacts/runs/full-2026-09-09/results.csv
generated,2026-09-11T00:01:24
files,20270
repositories,38
driving_linter,gherkin-lint
gherkin-lint_before,1490636
gherkin-lint_after,205971
gherkin-lint_resolved_pct,86.18
gherkin-lint_unmeasured,0
cuke_linter_before,304064
cuke_linter_after,290520
cuke_linter_resolved_pct,4.45
cuke_linter_unmeasured,0
UnifiedBDDLinter_before,1542605
UnifiedBDDLinter_after,316828
UnifiedBDDLinter_resolved_pct,79.46
UnifiedBDDLinter_unmeasured,0
aggregate_reduction_pct,86.18
median_repo_reduction_pct,86.75
repos_above_80,26
repos_regressing,0
files_improved,19910
files_improved_pct,98.22
files_unchanged,338
files_regressed,0
files_already_clean,22
files_unmeasured,0
