repository,files,before,after,reduction_pct
keygen-sh-keygen-api,218,80970,1679,97.9
Novus-Engine-novuspack,1399,48827,1975,96.0
CriminalInjuriesCompensationAuthority-q-templates-application,512,104115,4681,95.5
opencypher-openCypher,440,24994,1182,95.3
bdewey-git-stack,205,4376,287,93.4
HarrisClover-RequireCEG,1225,39364,2703,93.1
reqnroll-Reqnroll.ExploratoryTestProjects,1214,158090,12136,92.3
csu0077-project3_testing,35,1229,97,92.1
git-town-git-town,1345,22905,1856,91.9
Corvusoft-restq,229,29662,2522,91.5
projectestac-alexandria,1064,63910,5478,91.4
inukshuk-citeproc,780,6695,739,89.0
kabisa-books,20,705,80,88.7
iriusrisk-bdd-security,11,441,51,88.4
buildingSMART-ifc-gherkin-rules,101,1567,193,87.7
Sylius-Sylius,835,26992,3344,87.6
cchitsiang-bdd,1262,36448,4528,87.6
inventorypapa-free-dropshipping-automation-software,643,18547,2310,87.5
trydirect-sylius,646,17085,2159,87.4
SU-SWS-linky_clicky,462,16131,2236,86.1
skgopinath-featuretagselector,300,2100,300,85.7
maurafitz-coop-workshift-app,21,832,120,85.6
local-web-services-local-web-services,1936,536464,90198,83.2
ashwanth1109-gherkin-feature-parser,843,20310,3518,82.7
rpm-software-management-ci-dnf-stack,365,17419,3208,81.6
pherkin-test-bdd-cucumber-perl,11,363,70,80.7
openshift-verification-tests,235,30127,6584,78.1
learningequality-kolibri,729,33578,7991,76.2
hmcts-ia-ccd-e2e-tests,298,63232,15171,76.0
Rotbarsch-NatLaRestTest,21,367,89,75.7
vanderbilt-redcap-redcap_rsvc,347,25236,6766,73.2
actiontech-dble-test-suite,264,33793,9159,72.9
esg4aspl-SPL-ESG-Examples,807,7352,2421,67.1
Sahamati-certification-framework,353,2489,1108,55.5
BRP-API-Haal-Centraal-BRP-bevragen,373,7951,4374,45.0
SoftEng-UniGE-BEWT-Specifications,284,2807,1827,34.9
bcgov-onRouteBCSpecification,205,1559,1227,21.3
saqibrizvi11-SH2_contactMaps,232,1604,1604,0.0
TOTAL (38),20270,1490636,205971,86.2
